url,label
http://login-paypal-verification.com,1
http://secure-paypal-update.net,1
http://paypal-security-check.info,1
http://account-verify-paypal.com,1
http://paypal-login-alert.co,1
http://verify-google-account.com,1
http://google-security-alert.net,1
http://gmail-verify-login.info,1
http://accounts-google-check.com,1
http://google-support-alert.co,1
http://secure-facebook-login.com,1
http://facebook-security-check.net,1
http://fb-account-verify.info,1
http://facebook-login-alert.co,1
http://fb-support-security.com,1
http://amazon-account-verify.com,1
http://amazon-security-check.net,1
http://prime-login-verify.info,1
http://amazon-billing-alert.co,1
http://amazon-support-check.com,1
http://netflix-login-verify.com,1
http://netflix-security-alert.net,1
http://netflix-billing-check.info,1
http://verify-netflix-account.co,1
http://netflix-support-alert.com,1
http://apple-id-verify.com,1
http://apple-security-check.net,1
http://icloud-login-alert.info,1
http://appleid-verify-account.co,1
http://apple-support-security.com,1
http://microsoft-login-alert.com,1
http://office365-verify.net,1
http://ms-account-check.info,1
http://outlook-security-alert.co,1
http://microsoft-support-login.com,1
http://bank-login-verify.com,1
http://secure-onlinebank.net,1
http://banking-security-alert.info,1
http://verify-bank-account.co,1
http://onlinebank-support.com,1
https://www.google.com,0
https://www.github.com,0
https://www.microsoft.com,0
https://www.amazon.com,0
https://www.facebook.com,0
https://www.netflix.com,0
https://www.apple.com,0
https://www.linkedin.com,0
https://www.wikipedia.org,0
https://www.youtube.com,0
https://www.twitter.com,0
https://www.instagram.com,0
https://www.stackoverflow.com,0
https://www.reddit.com,0
https://www.medium.com,0
https://www.bbc.com,0
https://www.cnn.com,0
https://www.nytimes.com,0
https://www.ibm.com,0
https://www.oracle.com,0
https://www.salesforce.com,0
https://www.cloudflare.com,0
https://www.mozilla.org,0
https://www.python.org,0
https://www.java.com,0
https://www.w3schools.com,0
https://www.geeksforgeeks.org,0
https://www.hackerrank.com,0
https://www.leetcode.com,0
https://www.codeforces.com,0
https://www.kaggle.com,0
https://www.udemy.com,0
https://www.coursera.org,0
https://www.edx.org,0
https://www.udacity.com,0
https://www.openai.com,0
https://chat.openai.com,0
https://www.digitalocean.com,0
https://www.heroku.com,0
https://vercel.com,0
https://netlify.com,0
https://aws.amazon.com,0
https://azure.microsoft.com,0
https://cloud.google.com,0
https://www.nvidia.com,0
https://www.intel.com,0
https://www.amd.com,0
https://www.hp.com,0
https://www.dell.com,0
https://www.lenovo.com,0
http://paypal-login-verify1.com,1
http://paypal-login-verify2.com,1
http://paypal-login-verify3.com,1
http://paypal-login-verify4.com,1
http://paypal-login-verify5.com,1
http://paypal-login-verify6.com,1
http://paypal-login-verify7.com,1
http://paypal-login-verify8.com,1
http://paypal-login-verify9.com,1
http://paypal-login-verify10.com,1
http://google-security-alert1.net,1
http://google-security-alert2.net,1
http://google-security-alert3.net,1
http://google-security-alert4.net,1
http://google-security-alert5.net,1
http://google-security-alert6.net,1
http://google-security-alert7.net,1
http://google-security-alert8.net,1
http://google-security-alert9.net,1
http://google-security-alert10.net,1
http://facebook-account-check1.info,1
http://facebook-account-check2.info,1
http://facebook-account-check3.info,1
http://facebook-account-check4.info,1
http://facebook-account-check5.info,1
http://facebook-account-check6.info,1
http://facebook-account-check7.info,1
http://facebook-account-check8.info,1
http://facebook-account-check9.info,1
http://facebook-account-check10.info,1
http://amazon-billing-alert1.co,1
http://amazon-billing-alert2.co,1
http://amazon-billing-alert3.co,1
http://amazon-billing-alert4.co,1
http://amazon-billing-alert5.co,1
http://amazon-billing-alert6.co,1
http://amazon-billing-alert7.co,1
http://amazon-billing-alert8.co,1
http://amazon-billing-alert9.co,1
http://amazon-billing-alert10.co,1
http://netflix-login-verify1.com,1
http://netflix-login-verify2.com,1
http://netflix-login-verify3.com,1
http://netflix-login-verify4.com,1
http://netflix-login-verify5.com,1
http://netflix-login-verify6.com,1
http://netflix-login-verify7.com,1
http://netflix-login-verify8.com,1
http://netflix-login-verify9.com,1
http://netflix-login-verify10.com,1
http://appleid-security-check1.net,1
http://appleid-security-check2.net,1
http://appleid-security-check3.net,1
http://appleid-security-check4.net,1
http://appleid-security-check5.net,1
http://appleid-security-check6.net,1
http://appleid-security-check7.net,1
http://appleid-security-check8.net,1
http://appleid-security-check9.net,1
http://appleid-security-check10.net,1
http://microsoft-login-alert1.info,1
http://microsoft-login-alert2.info,1
http://microsoft-login-alert3.info,1
http://microsoft-login-alert4.info,1
http://microsoft-login-alert5.info,1
http://microsoft-login-alert6.info,1
http://microsoft-login-alert7.info,1
http://microsoft-login-alert8.info,1
http://microsoft-login-alert9.info,1
http://microsoft-login-alert10.info,1
http://secure-bank-verify1.com,1
http://secure-bank-verify2.com,1
http://secure-bank-verify3.com,1
http://secure-bank-verify4.com,1
http://secure-bank-verify5.com,1
http://secure-bank-verify6.com,1
http://secure-bank-verify7.com,1
http://secure-bank-verify8.com,1
http://secure-bank-verify9.com,1
http://secure-bank-verify10.com,1
http://192.168.1.1/login,1
http://192.168.1.2/login,1
http://192.168.1.3/login,1
http://192.168.1.4/login,1
http://192.168.1.5/login,1
http://192.168.1.6/login,1
http://192.168.1.7/login,1
http://192.168.1.8/login,1
http://192.168.1.9/login,1
http://192.168.1.10/login,1
https://www.google.com,0
https://www.google.com/search,0
https://www.google.com/maps,0
https://www.google.com/mail,0
https://www.github.com,0
https://github.com/features,0
https://github.com/pricing,0
https://github.com/login,0
https://www.microsoft.com,0
https://www.microsoft.com/windows,0
https://www.microsoft.com/azure,0
https://www.amazon.com,0
https://www.amazon.com/gp,0
https://www.amazon.com/cart,0
https://www.facebook.com,0
https://www.facebook.com/login,0
https://www.facebook.com/help,0
https://www.netflix.com,0
https://www.netflix.com/browse,0
https://www.netflix.com/login,0
https://www.apple.com,0
https://www.apple.com/iphone,0
https://www.apple.com/support,0
https://www.linkedin.com,0
https://www.linkedin.com/jobs,0
https://www.linkedin.com/feed,0
https://www.wikipedia.org,0
https://en.wikipedia.org/wiki/Main_Page,0
https://www.youtube.com,0
https://www.youtube.com/watch,0
https://www.stackoverflow.com,0
https://stackoverflow.com/questions,0
https://www.reddit.com,0
https://www.reddit.com/r/programming,0
https://www.geeksforgeeks.org,0
https://www.geeksforgeeks.org/java,0
https://www.leetcode.com,0
https://leetcode.com/problems,0
https://www.codeforces.com,0
https://www.hackerrank.com,0
https://www.kaggle.com,0
https://www.udemy.com,0
https://www.coursera.org,0
https://www.edx.org,0
https://www.openai.com,0
https://chat.openai.com,0
https://www.cloudflare.com,0
https://aws.amazon.com,0
https://azure.microsoft.com,0
http://billing-microsoft.online,1
http://applesignin.top,1
http://account-paypal.top,1
http://securebankofamerica.cc,1
http://login-facebook.xyz,1
http://security-check-facebook.biz,1
http://paypalsecurity-check.top,1
http://secureapple.site,1
http://security-checkwellsfargo.top,1
http://apple-secure.top,1
http://paypalbilling.co,1
http://paypalsignin.co,1
http://facebookresolution.net,1
http://billinggoogle.site,1
http://alertchase.co,1
http://signin-amazon.cc,1
http://loginnetflix.online,1
http://security-check-chase.co,1
http://chaseresolution.site,1
http://update-apple.net,1
http://instagramlogin.site,1
http://securefacebook.top,1
http://applesignin.biz,1
http://microsoft-alert.help,1
http://instagramalert.cc,1
http://microsoft-account.info,1
http://secure-bankofamerica.xyz,1
http://updatenetflix.co,1
http://updateinstagram.xyz,1
http://security-check-paypal.site,1
http://secure-paypal.com,1
http://verifycoinbase.site,1
http://secure-paypal.co,1
http://googleresolution.help,1
http://account-binance.biz,1
http://login-facebook.top,1
http://account-instagram.site,1
http://signinbinance.info,1
http://coinbasesecurity-check.com,1
http://accountcoinbase.info,1
http://updatepaypal.net,1
http://instagramsecure.help,1
http://billing-binance.online,1
http://bankofamerica-billing.top,1
http://netflix-verify.online,1
http://instagram-login.top,1
http://securecoinbase.com,1
http://loginamazon.help,1
http://update-chase.com,1
http://wellsfargo-security-check.site,1
http://amazonlogin.cc,1
http://wellsfargoalert.online,1
http://netflixsignin.info,1
http://wellsfargo-login.cc,1
http://paypalupdate.top,1
http://signinmicrosoft.biz,1
http://resolutionbankofamerica.online,1
http://microsoft-security-check.info,1
http://security-checkchase.xyz,1
http://updateamazon.info,1
http://secure-binance.top,1
http://google-login.co,1
http://secure-wellsfargo.xyz,1
http://signinmicrosoft.cc,1
http://paypalupdate.biz,1
http://verifynetflix.net,1
http://signinamazon.biz,1
http://login-chase.online,1
http://resolutioncoinbase.cc,1
http://instagramsecure.xyz,1
http://paypalresolution.xyz,1
http://accountchase.xyz,1
http://amazon-login.co,1
http://signincoinbase.net,1
http://facebook-billing.help,1
http://applebilling.com,1
http://apple-security-check.xyz,1
http://billing-instagram.cc,1
http://verifygoogle.info,1
http://binancealert.xyz,1
http://signinamazon.co,1
http://billingbinance.biz,1
http://signin-wellsfargo.net,1
http://login-amazon.cc,1
http://coinbase-secure.help,1
http://instagramsignin.info,1
http://resolutioncoinbase.co,1
http://paypalbilling.com,1
http://googlesignin.com,1
http://signininstagram.info,1
http://instagram-secure.help,1
http://account-google.com,1
http://coinbase-secure.co,1
http://update-binance.net,1
http://googleresolution.xyz,1
http://accountamazon.xyz,1
http://applelogin.help,1
http://googlebilling.site,1
http://bankofamerica-billing.online,1
http://wellsfargoupdate.co,1
http://apple-verify.info,1
http://resolution-wellsfargo.co,1
http://paypal-secure.top,1
http://wellsfargosignin.com,1
http://resolutionamazon.info,1
http://microsoftresolution.net,1
http://verify-facebook.cc,1
http://security-check-google.co,1
http://google-security-check.xyz,1
http://coinbase-verify.biz,1
http://chase-resolution.biz,1
http://binanceaccount.site,1
http://microsoft-signin.top,1
http://facebooksecurity-check.help,1
http://updategoogle.top,1
http://alertwellsfargo.co,1
http://update-coinbase.cc,1
http://coinbasesecurity-check.net,1
http://security-checkgoogle.site,1
http://bankofamerica-security-check.co,1
http://appleverify.co,1
http://bankofamerica-signin.biz,1
http://login-paypal.xyz,1
http://wellsfargobilling.biz,1
http://bankofamericaupdate.com,1
http://instagram-alert.net,1
http://instagrambilling.net,1
http://securenetflix.online,1
http://microsoft-security-check.help,1
http://billingfacebook.net,1
http://coinbaseupdate.com,1
http://secure-apple.help,1
http://bankofamerica-login.cc,1
http://verify-facebook.top,1
http://appleupdate.site,1
http://alert-google.co,1
http://billing-instagram.net,1
http://coinbase-login.site,1
http://loginbankofamerica.xyz,1
http://loginamazon.net,1
http://bankofamericasignin.site,1
http://appleaccount.biz,1
http://updatenetflix.biz,1
http://chase-update.help,1
http://paypal-account.site,1
http://billinginstagram.net,1
http://signinwellsfargo.biz,1
http://signin-apple.co,1
http://signin-wellsfargo.com,1
http://paypal-resolution.net,1
http://instagramupdate.top,1
http://appleresolution.top,1
http://resolutiongoogle.info,1
http://updateamazon.biz,1
http://googleaccount.cc,1
http://microsoft-signin.help,1
http://coinbase-billing.biz,1
http://binance-secure.online,1
http://paypalbilling.cc,1
http://billing-wellsfargo.help,1
http://coinbaseaccount.help,1
http://account-wellsfargo.net,1
http://wellsfargo-resolution.top,1
http://binancesignin.info,1
http://instagramverify.help,1
http://wellsfargo-alert.cc,1
http://alert-microsoft.info,1
http://verifyapple.top,1
http://verifycoinbase.help,1
http://netflix-resolution.biz,1
http://verify-apple.site,1
http://login-amazon.help,1
http://coinbasesignin.co,1
http://chasesecure.online,1
http://wellsfargoaccount.cc,1
http://wellsfargoresolution.site,1
http://secureamazon.net,1
http://securefacebook.co,1
http://security-check-chase.cc,1
http://login-paypal.site,1
http://microsoftresolution.biz,1
http://security-check-binance.net,1
http://accountinstagram.net,1
http://facebook-resolution.xyz,1
http://googlesecurity-check.biz,1
http://billing-coinbase.top,1
http://billingnetflix.site,1
http://apple-resolution.site,1
http://update-amazon.xyz,1
http://binance-verify.net,1
http://chase-alert.co,1
http://bankofamerica-verify.com,1
http://paypalupdate.co,1
http://chase-verify.top,1
http://chaseaccount.info,1
http://verify-google.biz,1
http://alertbinance.help,1
http://instagram-billing.com,1
http://resolutionbinance.xyz,1
http://instagramaccount.site,1
http://paypalalert.co,1
http://login-facebook.help,1
http://verifycoinbase.com,1
http://microsoftverify.site,1
http://billing-facebook.co,1
http://verifyfacebook.net,1
http://appleresolution.site,1
http://coinbaseupdate.net,1
http://logincoinbase.cc,1
http://microsoftupdate.com,1
http://binanceaccount.com,1
http://microsoftsecurity-check.site,1
http://account-amazon.biz,1
http://binance-alert.cc,1
http://google-security-check.com,1
http://paypal-login.cc,1
http://login-netflix.info,1
http://resolution-amazon.help,1
http://account-google.help,1
http://account-netflix.com,1
http://resolution-paypal.com,1
http://googlesecurity-check.net,1
http://instagramverify.co,1
http://instagram-secure.xyz,1
http://billingwellsfargo.cc,1
http://signin-paypal.xyz,1
http://update-chase.online,1
http://billingcoinbase.net,1
http://instagramupdate.biz,1
http://verify-instagram.co,1
http://applesecurity-check.co,1
http://signinamazon.online,1
http://loginwellsfargo.online,1
http://accountwellsfargo.help,1
http://chase-login.biz,1
http://google-signin.com,1
http://updatepaypal.co,1
http://paypalalert.online,1
http://billing-google.help,1
http://chaseupdate.cc,1
http://netflix-verify.site,1
http://updateapple.xyz,1
http://facebook-account.net,1
http://accountfacebook.site,1
http://loginpaypal.co,1
http://signin-bankofamerica.online,1
http://facebook-secure.co,1
http://chase-security-check.xyz,1
http://googlesecure.site,1
http://binanceresolution.online,1
http://bankofamerica-secure.biz,1
http://security-check-apple.biz,1
http://binance-resolution.site,1
http://facebook-alert.help,1
http://bankofamerica-update.info,1
http://netflix-security-check.com,1
http://alertapple.site,1
http://verifybinance.co,1
http://secure-amazon.cc,1
http://billingamazon.com,1
http://billing-chase.biz,1
http://login-amazon.online,1
http://apple-login.net,1
http://googlesignin.top,1
http://netflix-update.help,1
http://signin-wellsfargo.cc,1
http://binancebilling.help,1
http://wellsfargo-update.online,1
http://billingcoinbase.top,1
http://alert-netflix.help,1
http://coinbasesignin.biz,1
http://paypal-account.xyz,1
http://microsoftlogin.online,1
http://securefacebook.biz,1
http://instagram-verify.com,1
http://securebinance.xyz,1
http://amazon-account.com,1
http://netflixresolution.xyz,1
http://verifynetflix.help,1
http://account-facebook.biz,1
http://applelogin.co,1
http://chase-resolution.top,1
http://facebooksignin.online,1
http://signingoogle.net,1
http://security-checkinstagram.net,1
http://paypalsecurity-check.online,1
http://microsoft-signin.net,1
http://amazonupdate.biz,1
http://billing-amazon.biz,1
http://secure-chase.xyz,1
http://updatebinance.info,1
http://paypal-billing.net,1
http://apple-signin.net,1
http://secure-coinbase.com,1
http://security-checkmicrosoft.top,1
http://loginwellsfargo.com,1
http://facebook-secure.help,1
http://alertnetflix.site,1
http://resolutionapple.site,1
http://microsoft-billing.biz,1
http://amazonresolution.co,1
http://signinbinance.co,1
http://coinbaseaccount.site,1
http://chase-alert.top,1
http://wellsfargoaccount.info,1
http://alert-microsoft.biz,1
http://login-chase.co,1
http://resolutionamazon.net,1
http://googleverify.online,1
http://wellsfargoverify.help,1
http://coinbase-secure.info,1
http://googlesignin.net,1
http://amazon-account.info,1
http://applesecurity-check.net,1
http://googleaccount.co,1
http://security-checkcoinbase.top,1
http://signin-google.xyz,1
http://chase-secure.net,1
http://updatepaypal.help,1
http://google-login.top,1
http://bankofamericaresolution.online,1
http://security-check-microsoft.com,1
http://resolutionbinance.help,1
http://resolution-wellsfargo.online,1
http://bankofamerica-account.help,1
http://binance-account.net,1
http://instagram-account.biz,1
http://wellsfargosignin.net,1
http://coinbase-security-check.net,1
http://facebookresolution.co,1
http://accountgoogle.info,1
http://paypalupdate.help,1
http://appleresolution.com,1
http://chaseresolution.xyz,1
http://instagramaccount.online,1
http://coinbase-secure.online,1
http://resolutionbankofamerica.biz,1
http://secure-bankofamerica.site,1
http://apple-resolution.top,1
http://update-google.info,1
http://chasealert.biz,1
http://account-bankofamerica.com,1
http://google-verify.net,1
http://bankofamerica-resolution.com,1
http://update-bankofamerica.help,1
http://netflix-login.site,1
http://binancesecure.cc,1
http://login-chase.cc,1
http://security-check-bankofamerica.info,1
http://billingcoinbase.co,1
http://account-apple.xyz,1
http://amazon-billing.com,1
http://instagramsecure.cc,1
http://netflix-resolution.top,1
http://security-check-chase.com,1
http://google-login.net,1
http://binanceverify.net,1
http://microsoftaccount.cc,1
http://bankofamericaaccount.info,1
http://billing-instagram.biz,1
http://update-binance.help,1
http://netflixsecure.co,1
http://billing-binance.help,1
http://coinbasesecurity-check.site,1
http://securepaypal.com,1
http://netflixsignin.site,1
http://login-wellsfargo.xyz,1
http://accountapple.net,1
http://accountgoogle.biz,1
http://verify-apple.com,1
http://wellsfargoaccount.help,1
http://wellsfargo-update.xyz,1
http://resolution-bankofamerica.help,1
http://microsoftverify.xyz,1
http://microsoft-signin.co,1
http://facebook-security-check.online,1
http://resolutionbankofamerica.site,1
http://instagram-account.help,1
http://facebook-verify.com,1
http://account-coinbase.site,1
http://updatewellsfargo.help,1
http://signin-instagram.help,1
http://googlesignin.site,1
http://verify-chase.com,1
http://login-facebook.cc,1
http://billingmicrosoft.net,1
http://amazon-security-check.online,1
http://signin-binance.xyz,1
http://updategoogle.biz,1
http://billingchase.online,1
http://instagramsignin.help,1
http://chaseverify.online,1
http://wellsfargo-verify.com,1
http://wellsfargo-update.info,1
http://bankofamericaverify.com,1
http://coinbase-update.biz,1
http://alert-coinbase.xyz,1
http://billing-paypal.site,1
http://alert-wellsfargo.net,1
http://alertcoinbase.xyz,1
http://updatemicrosoft.net,1
http://instagram-login.site,1
http://google-account.help,1
http://login-bankofamerica.site,1
http://google-update.info,1
http://apple-account.online,1
http://binance-update.online,1
http://verify-binance.info,1
http://facebook-alert.net,1
http://wellsfargo-security-check.cc,1
http://amazonaccount.net,1
http://security-checkapple.top,1
http://resolution-amazon.com,1
http://applelogin.site,1
http://chaseverify.site,1
http://alertwellsfargo.online,1
http://amazonsecurity-check.net,1
http://chaseverify.xyz,1
http://resolution-coinbase.site,1
http://alertinstagram.co,1
http://alert-netflix.biz,1
http://accountcoinbase.net,1
http://paypal-verify.xyz,1
http://google-signin.online,1
http://resolution-apple.help,1
http://signin-binance.cc,1
http://binancesecurity-check.site,1
http://amazonbilling.site,1
http://resolutionmicrosoft.co,1
http://paypal-verify.net,1
http://binance-update.help,1
http://google-login.cc,1
http://instagram-update.net,1
http://security-checkwellsfargo.xyz,1
http://amazonsecure.biz,1
http://signinamazon.info,1
http://bankofamerica-security-check.com,1
http://updatebankofamerica.xyz,1
http://bankofamericaalert.help,1
http://chaselogin.help,1
http://security-check-coinbase.net,1
http://amazonbilling.xyz,1
http://account-netflix.online,1
http://netflixsecure.net,1
http://verifyinstagram.help,1
http://alertapple.top,1
http://verify-bankofamerica.cc,1
http://coinbaselogin.net,1
http://signin-bankofamerica.net,1
http://verifychase.co,1
http://billing-paypal.net,1
http://alert-chase.site,1
http://updatecoinbase.xyz,1
http://login-bankofamerica.top,1
http://bankofamerica-signin.cc,1
http://bankofamerica-secure.online,1
http://coinbase-resolution.info,1
http://chase-verify.help,1
http://google-security-check.help,1
http://bankofamericaverify.net,1
http://wellsfargosecurity-check.help,1
http://billingnetflix.help,1
http://facebook-login.help,1
http://wellsfargo-security-check.net,1
http://verify-netflix.top,1
http://alert-coinbase.biz,1
http://microsoft-security-check.cc,1
http://chase-billing.help,1
http://security-checkbankofamerica.com,1
http://amazonlogin.help,1
http://accountwellsfargo.com,1
http://update-google.com,1
http://resolutionfacebook.co,1
http://bankofamerica-resolution.cc,1
http://alertnetflix.co,1
http://apple-verify.online,1
http://account-apple.info,1
http://binance-verify.info,1
http://paypalalert.info,1
http://chaseverify.biz,1
http://applesecurity-check.help,1
http://signin-microsoft.co,1
http://apple-resolution.cc,1
http://facebook-account.help,1
http://alert-amazon.co,1
http://binanceverify.co,1
http://loginfacebook.cc,1
http://microsoftresolution.help,1
http://amazon-login.info,1
http://security-checkwellsfargo.info,1
http://resolutionapple.biz,1
http://netflix-verify.biz,1
http://bankofamerica-verify.online,1
http://facebook-billing.info,1
http://verifygoogle.online,1
http://alertgoogle.biz,1
http://chaseresolution.online,1
http://facebooksecure.top,1
http://signin-google.site,1
http://wellsfargo-resolution.biz,1
